Open Time,Open,High,Low,Close,Volume,Close Time,QAV,No. Trades,Taker BBAV,Taker BQAV,Ignore
1617476820000,338755.00000000,339000.00000000,338755.00000000,339000.00000000,0.05568400,1617476879999,18868.97300600,29,0.04862700,16478.33353300,0
1617476880000,339000.00000000,339850.00000000,339000.00000000,339546.00000000,0.04647100,1617476939999,15777.61007200,40,0.02661500,9039.29372300,0
1617476940000,339348.00000000,339844.00000000,339348.00000000,339546.00000000,0.00665900,1617476999999,2261.21763400,15,0.00179400,609.54301700,0
1617477000000,339366.00000000,339842.00000000,339191.00000000,339546.00000000,0.00485200,1617477059999,1646.85879100,22,0.00086500,293.88030500,0
1617477060000,339740.00000000,339740.00000000,339150.00000000,339150.00000000,0.01620300,1617477119999,5501.87754800,16,0.01552000,5270.20210000,0
1617477120000,339348.00000000,339709.00000000,339150.00000000,339524.00000000,0.01524300,1617477179999,5173.21664500,14,0.00905300,3073.86605300,0
1617477180000,339546.00000000,339739.00000000,339427.00000000,339700.00000000,0.24929600,1617477239999,84623.59255800,14,0.00632100,2146.23775300,0
1617477240000,339546.00000000,339546.00000000,339099.00000000,339545.00000000,0.01859200,1617477299999,6309.31223700,14,0.00583300,1980.56198600,0
1617477300000,339546.00000000,339546.00000000,339001.00000000,339001.00000000,0.04400000,1617477359999,14921.54478700,16,0.00963800,3272.40277400,0
1617477360000,339010.00000000,339499.00000000,339010.00000000,339499.00000000,0.01570200,1617477419999,5324.01736100,12,0.00247600,840.08043200,0
1617477420000,339029.00000000,339488.00000000,338861.00000000,339150.00000000,0.02570000,1617477479999,8714.22410200,30,0.00439700,1492.67089700,0
1617477480000,339485.00000000,339499.00000000,338866.00000000,338866.00000000,0.30690100,1617477539999,104063.34895900,18,0.00045100,153.10314300,0
1617477540000,338866.00000000,339394.00000000,338865.00000000,339393.00000000,0.00305200,1617477599999,1034.95722800,11,0.00184500,625.92814300,0
1617477600000,339150.00000000,339380.00000000,338856.00000000,339380.00000000,0.01408300,1617477659999,4774.68254200,20,0.00560600,1902.18103000,0
1617477660000,339380.00000000,339391.00000000,339198.00000000,339384.00000000,0.02900700,1617477719999,9844.06726700,20,0.02586500,8778.30106300,0
1617477720000,339384.00000000,339384.00000000,338759.00000000,339150.00000000,0.00699300,1617477779999,2370.19680400,19,0.00159100,539.68860200,0
1617477780000,339149.00000000,339380.00000000,338954.00000000,339347.00000000,0.03761700,1617477839999,12756.69314600,13,0.03101800,10519.91438500,0
1617477840000,339347.00000000,339347.00000000,338955.00000000,339347.00000000,0.01659700,1617477899999,5628.20828700,15,0.00649000,2202.36085200,0
1617477900000,339346.00000000,339346.00000000,339345.00000000,339345.00000000,0.00291600,1617477959999,989.53100100,7,0.00291600,989.53100100,0
1617477960000,339346.00000000,339346.00000000,338956.00000000,339346.00000000,0.00104400,1617478019999,354.23315400,9,0.00093100,315.93112600,0
1617478020000,339346.00000000,339346.00000000,338756.00000000,338756.00000000,0.04424900,1617478079999,15004.90427200,30,0.00778400,2641.44687000,0
1617478080000,339150.00000000,339191.00000000,338809.00000000,339183.00000000,0.01823900,1617478139999,6186.29129700,9,0.01774100,6017.56009500,0
1617478140000,338953.00000000,339150.00000000,338773.00000000,339150.00000000,0.00423600,1617478199999,1435.43502600,7,0.00102900,348.98461500,0
1617478200000,338862.00000000,339149.00000000,338503.00000000,338924.00000000,0.03875300,1617478259999,13126.48760600,31,0.00863800,2928.81258600,0
1617478260000,338949.00000000,338949.00000000,338591.00000000,338902.00000000,0.00179300,1617478319999,607.69000400,5,0.00167700,568.40360800,0
1617478320000,338557.00000000,338901.00000000,338117.00000000,338117.00000000,0.06784800,1617478379999,22960.33460100,36,0.04090900,13844.37370600,0
1617478380000,338296.00000000,338356.00000000,338000.00000000,338356.00000000,0.00974800,1617478439999,3295.00886000,11,0.00892900,3018.09634000,0
1617478440000,338224.00000000,338357.00000000,337964.00000000,338134.00000000,0.01500000,1617478499999,5071.79562400,24,0.00932100,3152.47877600,0
1617478500000,337838.00000000,338134.00000000,337175.00000000,337228.00000000,0.21258000,1617478559999,71734.89312500,50,0.01889600,6382.86434300,0
1617478560000,337569.00000000,338133.00000000,337569.00000000,338130.00000000,0.05208500,1617478619999,17604.83424200,32,0.05208500,17604.83424200,0
1617478620000,338130.00000000,338130.00000000,338128.00000000,338128.00000000,0.00128000,1617478679999,432.80551400,11,0.00128000,432.80551400,0
1617478680000,337767.00000000,337979.00000000,337450.00000000,337755.00000000,0.00719700,1617478739999,2432.27850700,9,0.00710800,2402.23237700,0
1617478740000,337962.00000000,337962.00000000,337570.00000000,337754.00000000,0.03113100,1617478799999,10516.97681400,20,0.02177600,7359.00416000,0
1617478800000,337754.00000000,337959.00000000,337572.00000000,337955.00000000,0.06550300,1617478859999,22116.17152300,27,0.01186600,4009.78160600,0
1617478860000,337960.00000000,337960.00000000,337572.00000000,337958.00000000,0.02018100,1617478919999,6819.64459800,17,0.01840200,6219.10401000,0
1617478920000,337958.00000000,338130.00000000,337958.00000000,338127.00000000,0.03087500,1617478979999,10435.03999000,15,0.03060700,10344.46135000,0
1617478980000,337980.00000000,338127.00000000,337903.00000000,338125.00000000,0.01420000,1617479039999,4799.90515900,14,0.00750000,2535.93835000,0
1617479040000,338125.00000000,338125.00000000,337574.00000000,337899.00000000,0.01677600,1617479099999,5669.75096100,10,0.01624900,5491.82294600,0
1617479100000,337569.00000000,337900.00000000,337448.00000000,337456.00000000,0.01285700,1617479159999,4339.73127500,12,0.00065000,219.61890800,0
1617479160000,337767.00000000,337950.00000000,337767.00000000,337947.00000000,0.01970300,1617479219999,6658.47915200,15,0.01862000,6292.48058100,0
1617479220000,337950.00000000,337950.00000000,337949.00000000,337950.00000000,0.00167000,1617479279999,564.37551600,4,0.00167000,564.37551600,0
1617479280000,337950.00000000,338162.00000000,337950.00000000,338162.00000000,0.09957300,1617479339999,33652.15865600,11,0.09900300,33459.50093600,0
1617479340000,338359.00000000,338474.00000000,337978.00000000,337979.00000000,0.01802900,1617479399999,6098.14787400,17,0.01020900,3454.37997700,0
1617479400000,337979.00000000,338359.00000000,337978.00000000,338359.00000000,0.03590400,1617479459999,12139.64729900,10,0.01278500,4325.91981500,0
1617479460000,338126.00000000,338127.00000000,337768.00000000,337768.00000000,0.06306600,1617479519999,21318.89797100,14,0.04555100,15401.93958600,0
1617479520000,337769.00000000,338125.00000000,337769.00000000,337854.00000000,0.00231900,1617479579999,783.66489400,11,0.00067900,229.58687500,0
1617479580000,338162.00000000,338406.00000000,338042.00000000,338359.00000000,0.04092400,1617479639999,13834.22385500,14,0.00052500,177.64293300,0
1617479640000,338157.00000000,338359.00000000,337964.00000000,338357.00000000,0.01244500,1617479699999,4210.70973900,19,0.01226500,4149.87612900,0
1617479700000,338185.00000000,338397.00000000,338185.00000000,338397.00000000,0.00789500,1617479759999,2671.33745100,8,0.00789500,2671.33745100,0
1617479760000,338397.00000000,338499.00000000,338166.00000000,338499.00000000,0.04215700,1617479819999,14266.46843500,19,0.04126100,13963.42089300,0
1617479820000,338500.00000000,338555.00000000,338408.00000000,338500.00000000,0.01647800,1617479879999,5577.58022500,8,0.00869000,2941.58102900,0
1617479880000,338556.00000000,338999.00000000,338556.00000000,338999.00000000,0.03033600,1617479939999,10275.20034500,19,0.03033600,10275.20034500,0
1617479940000,338745.00000000,339150.00000000,338745.00000000,339128.00000000,0.03606800,1617479999999,12228.55078200,20,0.02744300,9304.81988900,0
1617480000000,339325.00000000,339325.00000000,338757.00000000,339319.00000000,0.05033000,1617480059999,17061.59265600,37,0.01245300,4224.64959400,0
1617480060000,338953.00000000,339119.00000000,338617.00000000,338618.00000000,0.06456800,1617480119999,21872.25690100,20,0.01278000,4333.94082000,0
1617480120000,338618.00000000,338910.00000000,338618.00000000,338908.00000000,0.03076100,1617480179999,10418.52417200,9,0.00790300,2678.39392800,0
1617480180000,338618.00000000,338951.00000000,338618.00000000,338909.00000000,0.00253000,1617480239999,857.05023800,6,0.00117800,399.23870200,0
1617480240000,338618.00000000,338909.00000000,338504.00000000,338754.00000000,0.02248100,1617480299999,7612.62558600,19,0.00884600,2996.35387700,0
1617480300000,338754.00000000,338754.00000000,338408.00000000,338408.00000000,0.01798500,1617480359999,6088.11477000,12,0.00466900,1581.59223100,0
1617480360000,338684.00000000,338684.00000000,338410.00000000,338684.00000000,0.01222700,1617480419999,4138.76566000,19,0.00324100,1097.67484400,0
1617480420000,338684.00000000,338684.00000000,338357.00000000,338357.00000000,0.03391300,1617480479999,11480.36160000,12,0.01475500,4997.26914200,0
1617480480000,338429.00000000,338429.00000000,338117.00000000,338209.00000000,0.12924000,1617480539999,43709.02415000,26,0.01819600,6157.53161200,0
1617480540000,338209.00000000,338209.00000000,338117.00000000,338139.00000000,0.03183700,1617480599999,10764.82847100,5,0.00197000,666.27173000,0
1617480600000,338358.00000000,338358.00000000,338139.00000000,338199.00000000,0.00567400,1617480659999,1919.00724000,10,0.00469300,1587.29288100,0
1617480660000,338100.00000000,338351.00000000,337966.00000000,338351.00000000,0.00601000,1617480719999,2031.82412500,19,0.00237300,802.56563000,0
1617480720000,338351.00000000,338427.00000000,338158.00000000,338427.00000000,0.05039500,1617480779999,17043.24852600,12,0.00872900,2953.55729800,0
1617480780000,338427.00000000,338427.00000000,338426.00000000,338426.00000000,0.00102700,1617480839999,347.56379700,4,0.00102700,347.56379700,0
1617480840000,338426.00000000,338426.00000000,338162.00000000,338424.00000000,0.01491600,1617480899999,5047.20615000,12,0.00657400,2224.68777800,0
1617480900000,338025.00000000,338357.00000000,337800.00000000,338161.00000000,0.01093000,1617480959999,3693.51566900,15,0.00059000,199.56676400,0
1617480960000,338161.00000000,338161.00000000,338161.00000000,338161.00000000,0.02974600,1617481019999,10058.93710600,6,0.02974600,10058.93710600,0
1617481020000,337804.00000000,338161.00000000,337804.00000000,338161.00000000,0.01915300,1617481079999,6476.69231800,12,0.01885800,6377.04013800,0
1617481080000,338161.00000000,338161.00000000,337810.00000000,338159.00000000,0.00416500,1617481139999,1408.34249200,10,0.00389400,1316.79598200,0
1617481140000,338159.00000000,338159.00000000,337808.00000000,337808.00000000,0.06496800,1617481199999,21951.86373900,21,0.01444700,4885.38307300,0
1617481200000,338157.00000000,338157.00000000,337808.00000000,338157.00000000,0.00458300,1617481259999,1549.52469400,6,0.00387000,1308.66759000,0
1617481260000,338156.00000000,338156.00000000,337701.00000000,337937.00000000,0.21142700,1617481319999,71459.34819400,27,0.12079600,40847.22293100,0
1617481320000,337963.00000000,337963.00000000,337569.00000000,337569.00000000,0.03470700,1617481379999,11722.53775300,31,0.01595800,5393.20891700,0
1617481380000,337500.00000000,337587.00000000,337181.00000000,337186.00000000,0.01584800,1617481439999,5347.46931200,23,0.00561700,1896.22353200,0
1617481440000,337569.00000000,337587.00000000,337372.00000000,337587.00000000,0.05908900,1617481499999,19939.00317500,13,0.01877900,6339.53785500,0
1617481500000,337585.00000000,337587.00000000,337540.00000000,337585.00000000,0.01309800,1617481559999,4421.65819300,16,0.00791500,2671.98843800,0
1617481560000,337586.00000000,337587.00000000,337586.00000000,337587.00000000,0.00175000,1617481619999,590.77622600,4,0.00175000,590.77622600,0
1617481620000,337587.00000000,338358.00000000,337374.00000000,338356.00000000,0.02617000,1617481679999,8843.31913900,22,0.02392300,8084.28872500,0
1617481680000,337964.00000000,338360.00000000,337873.00000000,338360.00000000,0.02272100,1617481739999,7685.22240100,16,0.01753400,5932.66736500,0
1617481740000,338393.00000000,338393.00000000,338162.00000000,338359.00000000,0.00214900,1617481799999,727.14764100,11,0.00211900,717.00278100,0
1617481800000,338357.00000000,338357.00000000,337901.00000000,337903.00000000,0.02741400,1617481859999,9264.70116800,10,0.00054800,185.35068400,0
1617481860000,337904.00000000,338422.00000000,337904.00000000,338422.00000000,0.00449000,1617481919999,1518.86643100,12,0.00354300,1198.87134300,0
1617481920000,338427.00000000,338475.00000000,338427.00000000,338472.00000000,0.01021000,1617481979999,3455.80197500,12,0.01021000,3455.80197500,0
1617481980000,338431.00000000,338509.00000000,338338.00000000,338509.00000000,0.01565100,1617482039999,5297.29140600,22,0.01316300,4455.50646200,0
1617482040000,338500.00000000,338509.00000000,338339.00000000,338509.00000000,0.02281700,1617482099999,7720.52144100,9,0.00088500,299.58046500,0
1617482100000,338504.00000000,338504.00000000,338497.00000000,338497.00000000,0.00324700,1617482159999,1099.11353500,6,0.00324700,1099.11353500,0
1617482160000,338357.00000000,338357.00000000,338162.00000000,338162.00000000,0.00747300,1617482219999,2527.16316400,5,0.00000000,0.00000000,0
1617482220000,338357.00000000,338357.00000000,338000.00000000,338159.00000000,0.00563700,1617482279999,1905.67131300,15,0.00147100,497.51083400,0
1617482280000,338359.00000000,338504.00000000,338359.00000000,338499.00000000,0.00856500,1617482339999,2898.56270000,8,0.00856500,2898.56270000,0
1617482340000,338162.00000000,338357.00000000,337976.00000000,338216.00000000,0.02537300,1617482399999,8575.97251800,15,0.00147500,498.98114300,0
1617482400000,338264.00000000,338264.00000000,337900.00000000,337900.00000000,0.05538200,1617482459999,18718.97929600,17,0.00502000,1698.08528000,0
1617482460000,337866.00000000,338158.00000000,337769.00000000,338020.00000000,0.01034600,1617482519999,3496.87468100,14,0.00957700,3237.08077300,0
1617482520000,338020.00000000,338020.00000000,337500.00000000,337500.00000000,0.02414600,1617482579999,8150.22012700,19,0.00175800,593.69810800,0
1617482580000,337569.00000000,337789.00000000,337447.00000000,337789.00000000,0.01727300,1617482639999,5830.62995700,14,0.00572400,1933.43537000,0
1617482640000,337787.00000000,337787.00000000,337449.00000000,337449.00000000,0.00181400,1617482699999,612.33753400,9,0.00059600,201.32105200,0
1617482700000,337445.00000000,337500.00000000,337350.00000000,337350.00000000,0.01019200,1617482759999,3439.14074500,11,0.00000000,0.00000000,0
1617482760000,337567.00000000,337567.00000000,337199.00000000,337562.00000000,0.18620000,1617482819999,62808.45951000,17,0.06984900,23574.90231000,0
1617482820000,337200.00000000,337240.00000000,336511.00000000,336800.00000000,0.27208100,1617482879999,91661.33906200,59,0.00042900,144.58024600,0
1617482880000,336514.00000000,336514.00000000,336076.00000000,336490.00000000,0.02640200,1617482939999,8878.87161500,28,0.00138900,467.38265700,0
1617482940000,336490.00000000,336776.00000000,336460.00000000,336460.00000000,0.03203800,1617482999999,10783.05779900,12,0.02478500,8342.64886500,0
1617483000000,336087.00000000,336772.00000000,336087.00000000,336087.00000000,0.02523000,1617483059999,8482.36023000,10,0.00421200,1418.48366400,0
1617483060000,336400.00000000,336774.00000000,336093.00000000,336637.00000000,0.03065300,1617483119999,10302.95294800,15,0.00142100,478.28237200,0
1617483120000,336405.00000000,336405.00000000,336000.00000000,336000.00000000,0.14814500,1617483179999,49788.28492700,28,0.00699500,2353.14870300,0
1617483180000,335998.00000000,335998.00000000,335351.00000000,335351.00000000,0.33828000,1617483239999,113572.18953900,48,0.20686700,69443.80947400,0
1617483240000,335937.00000000,336694.00000000,335601.00000000,336692.00000000,0.02049800,1617483299999,6881.88672100,13,0.00715800,2404.85817100,0
1617483300000,336692.00000000,336692.00000000,335942.00000000,335942.00000000,0.01479100,1617483359999,4975.24974100,12,0.00990000,3332.04307400,0
1617483360000,335942.00000000,336392.00000000,335942.00000000,336392.00000000,0.00374500,1617483419999,1258.56989000,11,0.00288600,969.99571200,0
1617483420000,336388.00000000,336633.00000000,336379.00000000,336379.00000000,0.00723300,1617483479999,2433.13117400,4,0.00059300,199.57461400,0
1617483480000,336777.00000000,336914.00000000,336777.00000000,336914.00000000,0.01193600,1617483539999,4020.03348900,9,0.01193600,4020.03348900,0
1617483540000,336915.00000000,336915.00000000,336063.00000000,336774.00000000,0.03415300,1617483599999,11486.85961800,29,0.00304900,1026.88620300,0
1617483600000,336774.00000000,336774.00000000,336000.00000000,336000.00000000,0.06005200,1617483659999,20187.74696700,25,0.02187200,7359.19687500,0
1617483660000,336776.00000000,336776.00000000,336440.00000000,336440.00000000,0.00856100,1617483719999,2883.03954400,5,0.00826400,2783.11686400,0
1617483720000,336690.00000000,336777.00000000,336690.00000000,336777.00000000,0.00114100,1617483779999,384.25678700,8,0.00111100,374.15608700,0
1617483780000,336778.00000000,337007.00000000,336778.00000000,337003.00000000,0.02583300,1617483839999,8702.52961700,15,0.00341000,1149.07812700,0
1617483840000,336778.00000000,337106.00000000,336770.00000000,337000.00000000,0.06693000,1617483899999,22554.78567400,22,0.04661200,15707.88298000,0
1617483900000,337106.00000000,337141.00000000,336783.00000000,337139.00000000,0.03415900,1617483959999,11515.24254600,10,0.03383400,11405.78807100,0
1617483960000,337139.00000000,337140.00000000,337035.00000000,337035.00000000,0.00164700,1617484019999,555.23726000,9,0.00164700,555.23726000,0
1617484020000,336801.00000000,337136.00000000,336562.00000000,337136.00000000,0.02812700,1617484079999,9473.55622000,18,0.00355700,1198.91474000,0
1617484080000,337052.00000000,337052.00000000,337051.00000000,337051.00000000,0.00839700,1617484139999,2830.21922400,7,0.00839700,2830.21922400,0
1617484140000,336801.00000000,336996.00000000,336500.00000000,336735.00000000,0.02040200,1617484199999,6868.75496400,18,0.00464800,1565.15341500,0
1617484200000,336734.00000000,336734.00000000,336400.00000000,336400.00000000,0.02653100,1617484259999,8927.35237700,8,0.00296900,999.76324600,0
1617484260000,336562.00000000,336730.00000000,336098.00000000,336098.00000000,0.01492000,1617484319999,5019.53330300,16,0.00361900,1218.04342100,0
1617484320000,336000.00000000,336328.00000000,335942.00000000,336328.00000000,0.02381400,1617484379999,8001.09880800,7,0.00522300,1754.64205000,0
1617484380000,336232.00000000,336318.00000000,335998.00000000,336051.00000000,0.07303600,1617484439999,24560.85844800,18,0.06868400,23098.58743600,0
1617484440000,336000.00000000,336000.00000000,335603.00000000,335603.00000000,0.01507300,1617484499999,5062.07967200,17,0.00508500,1708.55966200,0
1617484500000,335603.00000000,335818.00000000,335300.00000000,335816.00000000,0.01423800,1617484559999,4776.25056700,25,0.00095300,319.97747400,0
1617484560000,335599.00000000,335599.00000000,335034.00000000,335034.00000000,0.04755200,1617484619999,15939.59874900,22,0.00076900,258.07146100,0
1617484620000,335224.00000000,335598.00000000,335005.00000000,335005.00000000,0.08731800,1617484679999,29266.68893900,22,0.00183200,614.77541900,0
1617484680000,335569.00000000,336304.00000000,335365.00000000,336000.00000000,0.05853900,1617484739999,19678.58071100,23,0.05559500,18691.26615100,0
1617484740000,336301.00000000,336448.00000000,336110.00000000,336448.00000000,0.03001400,1617484799999,10098.02719900,10,0.02976600,10014.67191900,0
1617484800000,336448.00000000,336678.00000000,336300.00000000,336555.00000000,0.08125500,1617484859999,27331.01399000,22,0.07833000,26346.59061500,0
1617484860000,336778.00000000,337104.00000000,336582.00000000,337051.00000000,0.01857500,1617484919999,6254.63569500,21,0.00291000,980.51067300,0
1617484920000,337050.00000000,337139.00000000,336602.00000000,337139.00000000,0.00423600,1617484979999,1427.78889100,15,0.00408800,1377.96651500,0
1617484980000,337047.00000000,337136.00000000,336555.00000000,336556.00000000,0.03065800,1617485039999,10328.42362900,21,0.00194100,654.36460600,0
1617485040000,337026.00000000,337026.00000000,336700.00000000,336700.00000000,0.00871000,1617485099999,2932.83533600,6,0.00655300,2206.40944400,0
1617485100000,336700.00000000,336700.00000000,336700.00000000,336700.00000000,0.06639300,1617485159999,22354.52310000,14,0.06639300,22354.52310000,0
1617485160000,336581.00000000,336700.00000000,336555.00000000,336555.00000000,0.00729400,1617485219999,2455.24799300,7,0.00279500,941.07650000,0
1617485220000,336500.00000000,336589.00000000,336300.00000000,336300.00000000,0.01397000,1617485279999,4699.52867700,10,0.00207800,699.43194200,0
1617485280000,336587.00000000,336588.00000000,336587.00000000,336588.00000000,0.00586000,1617485339999,1972.40338300,8,0.00380000,1279.03416300,0
1617485340000,336587.00000000,336698.00000000,336344.00000000,336344.00000000,0.01123300,1617485399999,3779.84777900,14,0.00483600,1628.25521100,0
1617485400000,336698.00000000,336698.00000000,336208.00000000,336208.00000000,0.00552700,1617485459999,1858.99416600,10,0.00112700,379.45864600,0
1617485460000,336102.00000000,336547.00000000,336100.00000000,336547.00000000,0.00087200,1617485519999,293.21184600,7,0.00029600,99.61791200,0
1617485520000,336550.00000000,336698.00000000,336101.00000000,336698.00000000,0.00188200,1617485579999,633.41127900,11,0.00178900,602.15227400,0
1617485580000,336296.00000000,336585.00000000,336296.00000000,336585.00000000,0.00194800,1617485639999,655.61960600,3,0.00178200,599.79447000,0
1617485640000,336585.00000000,337000.00000000,336476.00000000,337000.00000000,0.44534400,1617485699999,149888.78421400,20,0.01913400,6443.85356400,0
1617485700000,337000.00000000,337122.00000000,336859.00000000,337122.00000000,0.00127700,1617485759999,430.21688000,5,0.00005900,19.88920100,0
1617485760000,337001.00000000,337173.00000000,336707.00000000,337173.00000000,0.00838600,1617485819999,2827.08636300,18,0.00739000,2491.46240100,0
1617485820000,336868.00000000,337172.00000000,336868.00000000,337172.00000000,0.00265100,1617485879999,893.12705200,4,0.00029600,99.80291200,0
1617485880000,337171.00000000,337499.00000000,336907.00000000,337499.00000000,0.11096700,1617485939999,37402.86713800,22,0.01834500,6185.98200200,0
1617485940000,337174.00000000,337496.00000000,337044.00000000,337482.00000000,0.06124600,1617485999999,20649.60633900,20,0.01600700,5401.98538000,0
1617486000000,337482.00000000,337482.00000000,336729.00000000,336975.00000000,0.08421700,1617486059999,28388.14478700,36,0.01298600,4381.82490800,0
1617486060000,336975.00000000,337121.00000000,336581.00000000,336925.00000000,0.06379900,1617486119999,21492.85446600,29,0.02136600,7202.34114500,0
1617486120000,336924.00000000,336975.00000000,336354.00000000,336404.00000000,0.18881100,1617486179999,63532.02894800,18,0.00256100,862.95755500,0
1617486180000,336404.00000000,336776.00000000,336100.00000000,336776.00000000,0.08856700,1617486239999,29793.28574800,23,0.00249000,838.42198200,0
1617486240000,336716.00000000,336716.00000000,336099.00000000,336278.00000000,0.15657500,1617486299999,52636.32164000,25,0.01881100,6326.26726400,0
1617486300000,336278.00000000,336489.00000000,335983.00000000,335983.00000000,0.19297900,1617486359999,64849.58941400,27,0.00927400,3120.05917700,0
1617486360000,336171.00000000,336171.00000000,335642.00000000,335854.00000000,0.13821400,1617486419999,46411.40349700,13,0.05093300,17106.24008000,0
1617486420000,336416.00000000,336416.00000000,335641.00000000,335641.00000000,0.07411800,1617486479999,24884.49472000,18,0.01219800,4099.06250800,0
1617486480000,335641.00000000,336159.00000000,335068.00000000,335655.00000000,0.06776300,1617486539999,22721.63301600,32,0.00964000,3236.09857400,0
1617486540000,335215.00000000,335674.00000000,335215.00000000,335238.00000000,0.02812100,1617486599999,9427.35299300,10,0.00045800,153.66419900,0
1617486600000,335568.00000000,335873.00000000,335568.00000000,335873.00000000,0.01660100,1617486659999,5571.77931400,8,0.00324200,1088.90026600,0
1617486660000,335873.00000000,335873.00000000,335424.00000000,335708.00000000,0.07068800,1617486719999,23718.09662700,25,0.00953200,3201.02440800,0
1617486720000,335708.00000000,335708.00000000,334500.00000000,334500.00000000,1.38475300,1617486779999,463889.10889200,134,0.01615500,5417.67298100,0
1617486780000,334500.00000000,334752.00000000,334036.00000000,334038.00000000,0.45753600,1617486839999,152894.17781800,63,0.22338800,74647.94060200,0
1617486840000,334001.00000000,334945.00000000,334001.00000000,334945.00000000,0.03665700,1617486899999,12266.57641900,17,0.03555300,11897.80965800,0
1617486900000,334054.00000000,334303.00000000,333700.00000000,334214.00000000,0.81646200,1617486959999,272631.76726500,59,0.00126300,422.14881600,0
1617486960000,334214.00000000,334343.00000000,333576.00000000,334343.00000000,0.09600400,1617487019999,32044.60198500,29,0.02739100,9145.86956200,0
1617487020000,334343.00000000,334737.00000000,333925.00000000,334737.00000000,0.14614300,1617487079999,48843.32972300,26,0.01047500,3504.17660000,0
1617487080000,334737.00000000,334738.00000000,334047.00000000,334203.00000000,0.07157700,1617487139999,23925.66321400,28,0.04651600,15553.12524100,0
1617487140000,334002.00000000,334475.00000000,334002.00000000,334475.00000000,0.02641000,1617487199999,8825.19261600,11,0.01963500,6562.17570300,0
1617487200000,334203.00000000,334203.00000000,333268.00000000,333488.00000000,0.32502100,1617487259999,108372.87232100,61,0.02165600,7222.84213100,0
1617487260000,333488.00000000,333749.00000000,333150.00000000,333150.00000000,0.58224200,1617487319999,194120.28010100,79,0.37379900,124634.99468500,0
1617487320000,333231.00000000,333800.00000000,333092.00000000,333530.00000000,0.29811600,1617487379999,99359.22707900,71,0.22769700,75880.45447500,0
1617487380000,333798.00000000,333798.00000000,332760.00000000,332760.00000000,0.54382700,1617487439999,181247.40979200,74,0.01020300,3399.77249000,0
1617487440000,332760.00000000,333287.00000000,332299.00000000,333287.00000000,0.59486800,1617487499999,197822.41858100,59,0.35886300,119368.80978700,0
1617487500000,333287.00000000,333290.00000000,332812.00000000,333184.00000000,0.78889500,1617487559999,262746.56535600,36,0.74371500,247697.80971900,0
1617487560000,333060.00000000,333796.00000000,333060.00000000,333796.00000000,0.10297000,1617487619999,34317.49684400,30,0.05556000,18517.44611100,0
1617487620000,333298.00000000,333298.00000000,332705.00000000,333058.00000000,0.03983400,1617487679999,13264.35200800,23,0.02342900,7804.55873600,0
1617487680000,332700.00000000,333059.00000000,332700.00000000,332800.00000000,0.23708900,1617487739999,78903.47319300,8,0.00371400,1236.86351600,0
1617487740000,332801.00000000,333294.00000000,332801.00000000,333002.00000000,0.03911500,1617487799999,13024.31574600,18,0.02169500,7225.87767400,0
1617487800000,333003.00000000,333777.00000000,332902.00000000,333527.00000000,0.07251600,1617487859999,24154.19896400,14,0.00817000,2723.19600700,0
1617487860000,333527.00000000,333800.00000000,333354.00000000,333800.00000000,0.02814600,1617487919999,9386.64758500,17,0.01498100,4996.66778800,0
1617487920000,333800.00000000,334029.00000000,333501.00000000,333501.00000000,0.20731900,1617487979999,69237.83990000,47,0.06078700,20301.21560400,0
1617487980000,333776.00000000,334027.00000000,333503.00000000,334023.00000000,0.03523500,1617488039999,11761.52768700,24,0.03307200,11039.60609900,0
1617488040000,334028.00000000,334284.00000000,333783.00000000,333933.00000000,0.07997900,1617488099999,26713.43056000,42,0.04558300,15227.41036400,0
1617488100000,334279.00000000,334279.00000000,333778.00000000,333778.00000000,0.05709200,1617488159999,19059.69231300,35,0.00635600,2122.40246100,0
1617488160000,333783.00000000,333933.00000000,333783.00000000,333933.00000000,0.02635900,1617488219999,8799.93779700,4,0.02635900,8799.93779700,0
1617488220000,333933.00000000,334275.00000000,333752.00000000,334275.00000000,0.04930400,1617488279999,16465.19204400,13,0.01941900,6484.14652400,0
1617488280000,333934.00000000,334545.00000000,333929.00000000,334545.00000000,0.09297300,1617488339999,31057.91858800,25,0.02273300,7595.01299600,0
1617488340000,334284.00000000,335124.00000000,334284.00000000,334767.00000000,0.39614400,1617488399999,132611.85311100,48,0.06946100,23264.18586400,0
1617488400000,334767.00000000,335443.00000000,334767.00000000,334786.00000000,0.11748900,1617488459999,39351.18856000,18,0.04469300,14980.12629500,0
1617488460000,335221.00000000,335221.00000000,334612.00000000,334917.00000000,0.13762600,1617488519999,46110.91000600,18,0.07388000,24765.76988100,0
1617488520000,334917.00000000,335214.00000000,334789.00000000,335210.00000000,0.23368000,1617488579999,78278.06971000,24,0.06207800,20808.56214800,0
1617488580000,335210.00000000,335220.00000000,334901.00000000,334901.00000000,8.18980200,1617488639999,2745133.73063700,130,0.94888600,317981.57268200,0
1617488640000,335121.00000000,335200.00000000,334786.00000000,335126.00000000,0.37770500,1617488699999,126520.81965100,34,0.07934000,26593.12813100,0
1617488700000,334986.00000000,335117.00000000,334651.00000000,334651.00000000,0.23653800,1617488759999,79211.78993700,17,0.00019900,66.68828300,0
1617488760000,334654.00000000,334844.00000000,334202.00000000,334499.00000000,0.82804900,1617488819999,277092.51600700,26,0.01722100,5766.10178100,0
1617488820000,334205.00000000,334499.00000000,334205.00000000,334205.00000000,0.06364400,1617488879999,21271.27074800,11,0.00328100,1097.48867900,0
1617488880000,334366.00000000,334580.00000000,334170.00000000,334170.00000000,0.08563900,1617488939999,28623.12519800,23,0.00917000,3066.98795700,0
1617488940000,334280.00000000,334600.00000000,334185.00000000,334313.00000000,0.05297900,1617488999999,17709.07984200,15,0.00287800,962.22140700,0
1617489000000,334091.00000000,334312.00000000,333800.00000000,334026.00000000,0.08103900,1617489059999,27057.47228800,21,0.00250700,837.70013800,0
1617489060000,334025.00000000,334025.00000000,333281.00000000,333531.00000000,0.15248800,1617489119999,50861.92180800,15,0.00202000,674.31730100,0
1617489120000,333282.00000000,333519.00000000,332857.00000000,332857.00000000,0.47499200,1617489179999,158223.04605100,58,0.20228600,67380.35455400,0
1617489180000,333001.00000000,333776.00000000,332519.00000000,333776.00000000,0.22783500,1617489239999,75842.37746000,39,0.15362100,51158.14217500,0
1617489240000,333775.00000000,333775.00000000,332733.00000000,333463.00000000,0.07065300,1617489299999,23546.15417600,21,0.01360000,4535.48797600,0
1617489300000,333473.00000000,333600.00000000,333255.00000000,333600.00000000,0.19724200,1617489359999,65763.44122900,28,0.08153200,27187.07820900,0
1617489360000,333775.00000000,334588.00000000,333775.00000000,334286.00000000,0.07109900,1617489419999,23745.44391800,24,0.03266200,10907.49808200,0
1617489420000,334698.00000000,334844.00000000,334286.00000000,334293.00000000,0.02214600,1617489479999,7412.26943000,28,0.01871300,6264.43326400,0
1617489480000,334841.00000000,334841.00000000,334101.00000000,334101.00000000,0.91469900,1617489539999,305743.90294400,53,0.06461500,21626.16196600,0
1617489540000,334519.00000000,334519.00000000,333600.00000000,334087.00000000,0.43964500,1617489599999,146806.24232300,40,0.12307300,41106.98607500,0
1617489600000,334087.00000000,334520.00000000,333953.00000000,334517.00000000,0.36927700,1617489659999,123420.08857600,39,0.14958900,50017.02765800,0
1617489660000,334127.00000000,334741.00000000,334127.00000000,334127.00000000,0.16528700,1617489719999,55228.19670200,12,0.00104500,349.71664900,0
1617489720000,333995.00000000,334741.00000000,333995.00000000,334489.00000000,0.02864800,1617489779999,9583.27032100,14,0.02264300,7576.55337400,0
1617489780000,334569.00000000,334841.00000000,334293.00000000,334841.00000000,0.07306300,1617489839999,24426.05271000,24,0.02813500,9406.88922700,0
1617489840000,334841.00000000,334841.00000000,334443.00000000,334452.00000000,0.03994800,1617489899999,13362.03746600,26,0.01260500,4217.11599700,0
1617489900000,334452.00000000,334841.00000000,334452.00000000,334841.00000000,0.02610600,1617489959999,8733.86629100,13,0.01537500,5144.35840400,0
1617489960000,334840.00000000,334840.00000000,334066.00000000,334069.00000000,0.36593300,1617490019999,122404.22713500,30,0.00150300,503.17432400,0
1617490020000,334787.00000000,334828.00000000,334466.00000000,334466.00000000,0.00283600,1617490079999,948.74233800,6,0.00059700,199.87296400,0
1617490080000,334841.00000000,335000.00000000,334312.00000000,334430.00000000,0.44963000,1617490139999,150515.88115900,32,0.08173400,27369.44317500,0
1617490140000,334874.00000000,335000.00000000,334604.00000000,334897.00000000,0.06263300,1617490199999,20973.82429700,15,0.03689500,12359.74566300,0
1617490200000,334897.00000000,334999.00000000,334431.00000000,334900.00000000,0.32370400,1617490259999,108394.33151800,20,0.26689900,89384.57345500,0
1617490260000,334900.00000000,334900.00000000,334432.00000000,334899.00000000,0.03210500,1617490319999,10751.60915200,15,0.03141200,10519.84734300,0
1617490320000,334899.00000000,334900.00000000,334782.00000000,334900.00000000,0.11509200,1617490379999,38544.29820500,23,0.11503400,38524.88084900,0
1617490380000,334900.00000000,334900.00000000,334896.00000000,334899.00000000,0.03229000,1617490439999,10813.89352700,15,0.02710300,9076.78657000,0
1617490440000,334900.00000000,335000.00000000,334900.00000000,334999.00000000,0.26480100,1617490499999,88694.94066400,21,0.21696500,72669.92850000,0
1617490500000,335093.00000000,335216.00000000,334999.00000000,335198.00000000,0.08463100,1617490559999,28359.07186700,22,0.05332000,17869.88969100,0
1617490560000,335000.00000000,335249.00000000,335000.00000000,335248.00000000,0.02452400,1617490619999,8216.09340000,12,0.00226100,757.97745000,0
1617490620000,335247.00000000,335248.00000000,335000.00000000,335236.00000000,0.26528500,1617490679999,88887.39899200,27,0.06539900,21924.81559000,0
1617490680000,335236.00000000,335249.00000000,335200.00000000,335244.00000000,0.01812000,1617490739999,6074.45399800,20,0.01451100,4864.71719800,0
1617490740000,335019.00000000,335246.00000000,335000.00000000,335230.00000000,0.18140600,1617490799999,60792.20442400,27,0.00346700,1162.26683000,0
1617490800000,335000.00000000,335000.00000000,334433.00000000,334500.00000000,0.20048800,1617490859999,67087.63718800,33,0.09279500,31061.64110000,0
1617490860000,334432.00000000,334757.00000000,334120.00000000,334195.00000000,0.04195800,1617490919999,14028.99267500,32,0.01815700,6074.45820400,0
1617490920000,334482.00000000,334482.00000000,334002.00000000,334400.00000000,0.25727500,1617490979999,85939.59489400,28,0.02150000,7188.78160600,0
1617490980000,334399.00000000,334756.00000000,334387.00000000,334737.00000000,1.52416800,1617491039999,509681.93122300,28,1.52295400,509275.98181700,0
1617491040000,334737.00000000,335000.00000000,334515.00000000,335000.00000000,0.00612700,1617491099999,2052.17775200,20,0.00549200,1839.73097400,0
1617491100000,335000.00000000,335399.00000000,334838.00000000,335397.00000000,0.02703300,1617491159999,9058.44912400,23,0.02631900,8819.27280300,0
1617491160000,335396.00000000,335396.00000000,334769.00000000,335392.00000000,0.00511100,1617491219999,1714.02202800,14,0.00473300,1587.41569500,0
1617491220000,335392.00000000,335399.00000000,335001.00000000,335001.00000000,0.02547600,1617491279999,8539.59801000,8,0.00159200,533.95450800,0
1617491280000,335399.00000000,335921.00000000,335001.00000000,335399.00000000,0.02429900,1617491339999,8152.14033400,28,0.01435000,4815.96431200,0
1617491340000,335740.00000000,335740.00000000,335300.00000000,335498.00000000,0.01185600,1617491399999,3977.18123200,9,0.01036600,3477.46354200,0
1617491400000,335498.00000000,335738.00000000,335379.00000000,335738.00000000,0.08564600,1617491459999,28727.61380300,20,0.02432000,8160.09537500,0
1617491460000,335395.00000000,335738.00000000,335002.00000000,335002.00000000,0.02329000,1617491519999,7812.39419800,11,0.00399100,1339.92245800,0
1617491520000,335661.00000000,335662.00000000,335250.00000000,335414.00000000,0.02489000,1617491579999,8350.44343400,6,0.01489000,4997.94343400,0
1617491580000,335410.00000000,335410.00000000,334779.00000000,335148.00000000,0.06872400,1617491639999,23028.79846900,19,0.00638500,2139.92099100,0
1617491640000,335148.00000000,335148.00000000,335100.00000000,335102.00000000,0.00438300,1617491699999,1468.78496800,11,0.00438300,1468.78496800,0
1617491700000,335200.00000000,335660.00000000,335200.00000000,335262.00000000,0.04292100,1617491759999,14403.26427000,13,0.04288100,14389.85379000,0
1617491760000,335262.00000000,335890.00000000,335262.00000000,335885.00000000,0.00388900,1617491819999,1305.78805700,12,0.00327100,1098.59614100,0
1617491820000,335654.00000000,335952.00000000,335654.00000000,335952.00000000,0.01661100,1617491879999,5579.21140700,17,0.01648900,5538.23429100,0
1617491880000,335948.00000000,335959.00000000,335624.00000000,335958.00000000,0.03122800,1617491939999,10488.64302100,16,0.01108500,3723.13775000,0
1617491940000,335789.00000000,336100.00000000,335742.00000000,335742.00000000,0.02149100,1617491999999,7221.90390800,20,0.02071500,6961.33419000,0
1617492000000,336094.00000000,336094.00000000,335507.00000000,335507.00000000,0.01989000,1617492059999,6679.32871500,22,0.00711100,2389.00219700,0
1617492060000,335770.00000000,335770.00000000,335400.00000000,335767.00000000,0.03079500,1617492119999,10333.87290200,28,0.01431600,4806.65845400,0
1617492120000,335767.00000000,336093.00000000,335524.00000000,336088.00000000,0.05769300,1617492179999,19388.22152600,24,0.05220700,17546.25444100,0
1617492180000,336085.00000000,336085.00000000,335507.00000000,335868.00000000,0.01344100,1617492239999,4511.91248700,18,0.00420200,1412.10669400,0
1617492240000,335507.00000000,335507.00000000,335252.00000000,335300.00000000,0.01077900,1617492299999,3615.67875300,4,0.00200000,670.60000000,0
1617492300000,335868.00000000,335868.00000000,335306.00000000,335866.00000000,0.02508000,1617492359999,8409.97307800,10,0.00089000,298.92093800,0
1617492360000,335624.00000000,335624.00000000,335150.00000000,335152.00000000,0.04238200,1617492419999,14213.00063000,29,0.01187500,3985.52904200,0
1617492420000,335622.00000000,335622.00000000,334917.00000000,334917.00000000,0.10847400,1617492479999,36343.43334100,37,0.02350500,7883.84384400,0
1617492480000,335000.00000000,335356.00000000,334958.00000000,334958.00000000,0.09842200,1617492539999,32968.54599400,14,0.01665900,5581.21379200,0
1617492540000,335353.00000000,335726.00000000,334957.00000000,335726.00000000,0.11748800,1617492599999,39387.91563000,14,0.01596400,5359.28357100,0
1617492600000,335726.00000000,335726.00000000,334778.00000000,334779.00000000,0.04199700,1617492659999,14064.48567200,31,0.01589200,5322.89214300,0
1617492660000,334778.00000000,334931.00000000,334778.00000000,334931.00000000,0.02248100,1617492719999,7529.35630000,2,0.00000000,0.00000000,0
1617492720000,335214.00000000,335214.00000000,334596.00000000,334600.00000000,0.01246700,1617492779999,4173.65347100,24,0.00059600,199.69807800,0
1617492780000,334560.00000000,334768.00000000,334480.00000000,334768.00000000,0.05551500,1617492839999,18571.67871600,18,0.05147000,17218.43045600,0
1617492840000,334480.00000000,335228.00000000,334286.00000000,334286.00000000,0.02029200,1617492899999,6786.66458900,18,0.00104200,349.09480400,0
1617492900000,334285.00000000,334285.00000000,333783.00000000,333783.00000000,0.12396100,1617492959999,41402.67001700,33,0.02386000,7969.09684000,0
1617492960000,333783.00000000,333783.00000000,332100.00000000,332644.00000000,0.76985300,1617493019999,255853.67150600,119,0.62480400,207599.79914200,0
1617493020000,332646.00000000,333783.00000000,332301.00000000,333378.00000000,0.56096100,1617493079999,187099.86230000,58,0.51222800,170875.51791500,0
1617493080000,333377.00000000,333380.00000000,332717.00000000,332938.00000000,0.21847500,1617493139999,72772.70169600,20,0.00388500,1295.17012500,0
1617493140000,332800.00000000,333031.00000000,332363.00000000,332363.00000000,0.01984800,1617493199999,6604.31776200,30,0.00337500,1123.81192300,0
1617493200000,332301.00000000,332330.00000000,331500.00000000,331967.00000000,0.70544400,1617493259999,234106.88778500,110,0.04603100,15284.42827300,0
1617493260000,331967.00000000,332937.00000000,331617.00000000,332574.00000000,0.57654600,1617493319999,191598.37756500,62,0.21727200,72204.32271700,0
1617493320000,332675.00000000,332975.00000000,332000.00000000,332365.00000000,0.94256000,1617493379999,313268.42534100,59,0.50873800,169115.23719700,0
1617493380000,332315.00000000,332977.00000000,332000.00000000,332823.00000000,0.32926300,1617493439999,109399.78486800,33,0.17863400,59371.57812200,0
1617493440000,332708.00000000,332887.00000000,332352.00000000,332885.00000000,0.04977300,1617493499999,16554.82196300,28,0.01454000,4840.09713700,0
1617493500000,332884.00000000,333000.00000000,332644.00000000,333000.00000000,0.08776800,1617493559999,29218.47960700,23,0.08664600,28845.21795400,0
1617493560000,332977.00000000,333000.00000000,332600.00000000,333000.00000000,0.01010500,1617493619999,3363.38563900,34,0.00419700,1397.50391400,0
1617493620000,333000.00000000,333495.00000000,332800.00000000,333495.00000000,0.08366100,1617493679999,27884.11167400,32,0.06491600,21643.49077700,0
1617493680000,333101.00000000,333494.00000000,332801.00000000,332801.00000000,0.09753700,1617493739999,32487.59277100,32,0.02586900,8620.53648600,0
1617493740000,332802.00000000,332887.00000000,332153.00000000,332154.00000000,0.66119400,1617493799999,220012.15351200,33,0.01375500,4576.58357900,0
1617493800000,332193.00000000,332886.00000000,332193.00000000,332885.00000000,0.12221400,1617493859999,40600.48698200,11,0.00124400,414.10804100,0
1617493860000,332199.00000000,332884.00000000,332199.00000000,332666.00000000,0.00752200,1617493919999,2501.11639700,8,0.00355000,1181.62196900,0
1617493920000,332666.00000000,332666.00000000,332201.00000000,332652.00000000,0.02664200,1617493979999,8858.16373400,20,0.02462400,8187.50230800,0
1617493980000,332654.00000000,332883.00000000,332203.00000000,332883.00000000,0.04221900,1617494039999,14051.11465300,16,0.04154600,13827.54203400,0
1617494040000,332887.00000000,332958.00000000,332500.00000000,332958.00000000,0.01052300,1617494099999,3503.32618500,11,0.01021700,3401.58118500,0
1617494100000,332594.00000000,332594.00000000,332198.00000000,332198.00000000,0.13331800,1617494159999,44335.21827600,21,0.01051400,3496.22009400,0
1617494160000,332654.00000000,332745.00000000,332000.00000000,332401.00000000,0.40076200,1617494219999,133112.01557000,29,0.18383300,61064.54862300,0
1617494220000,332742.00000000,332742.00000000,332742.00000000,332742.00000000,0.00541800,1617494279999,1802.79615600,11,0.00541800,1802.79615600,0
1617494280000,332098.00000000,332887.00000000,332098.00000000,332820.00000000,0.01603000,1617494339999,5330.95393900,18,0.00396800,1320.57067400,0
1617494340000,332815.00000000,332885.00000000,332100.00000000,332818.00000000,0.02462800,1617494399999,8192.34128100,28,0.01235800,4113.42178200,0
1617494400000,332809.00000000,332809.00000000,331000.00000000,331000.00000000,0.84815900,1617494459999,281406.89390500,123,0.01368700,4531.91631500,0
1617494460000,331000.00000000,331337.00000000,330376.00000000,330855.00000000,1.35819800,1617494519999,449136.90947800,108,0.72996300,241361.14122700,0
1617494520000,330857.00000000,331029.00000000,330000.00000000,330088.00000000,1.29113500,1617494579999,426549.09256800,120,0.46925600,155065.41039200,0
1617494580000,330100.00000000,330767.00000000,330099.00000000,330743.00000000,0.01971200,1617494639999,6514.74083800,11,0.00665100,2199.78944300,0
1617494640000,330743.00000000,331602.00000000,330743.00000000,331600.00000000,0.44669200,1617494699999,147904.54636700,49,0.09318400,30865.86631300,0
1617494700000,331600.00000000,331614.00000000,331071.00000000,331071.00000000,0.41071700,1617494759999,136126.60725500,59,0.16905700,56024.71369800,0
1617494760000,331070.00000000,331596.00000000,330905.00000000,331595.00000000,0.31835000,1617494819999,105425.54479500,30,0.02282500,7556.92625800,0
1617494820000,331595.00000000,331641.00000000,330883.00000000,331000.00000000,0.09179900,1617494879999,30413.25239800,37,0.04330000,14358.18469900,0
1617494880000,331001.00000000,331369.00000000,330500.00000000,330500.00000000,0.05483700,1617494939999,18152.33590800,30,0.01465200,4854.95712300,0
1617494940000,330999.00000000,331000.00000000,330462.00000000,331000.00000000,0.28682500,1617494999999,94913.78498100,30,0.23973100,79350.73057100,0
1617495000000,331264.00000000,331475.00000000,330672.00000000,331006.00000000,0.02810400,1617495059999,9303.91497200,29,0.01581600,5240.36182600,0
1617495060000,331007.00000000,331615.00000000,330972.00000000,331541.00000000,0.09712100,1617495119999,32154.02663400,30,0.00158500,525.49762700,0
1617495120000,331541.00000000,331541.00000000,330933.00000000,331447.00000000,0.02586000,1617495179999,8569.70389200,35,0.01578100,5231.61414800,0
1617495180000,331000.00000000,331000.00000000,330531.00000000,330533.00000000,0.03648400,1617495239999,12069.18302600,20,0.01300300,4303.18722600,0
1617495240000,330938.00000000,330938.00000000,330533.00000000,330928.00000000,0.03127400,1617495299999,10343.48501900,11,0.01657200,5483.97435100,0
1617495300000,330927.00000000,330928.00000000,330342.00000000,330928.00000000,0.13355800,1617495359999,44140.94490700,30,0.00189000,625.10524900,0
1617495360000,330927.00000000,330928.00000000,330345.00000000,330517.00000000,0.03925400,1617495419999,12981.06367900,20,0.01783300,5901.27591400,0
1617495420000,330922.00000000,331445.00000000,330300.00000000,331443.00000000,0.54563500,1617495479999,180572.43540400,38,0.46055900,152412.57868700,0
1617495480000,331125.00000000,331541.00000000,331008.00000000,331540.00000000,0.01678200,1617495539999,5560.51540100,17,0.01039000,3444.21393300,0
1617495540000,331078.00000000,332038.00000000,331078.00000000,332038.00000000,0.05297800,1617495599999,17572.95599600,33,0.04951000,16423.98093700,0
1617495600000,331950.00000000,332052.00000000,331353.00000000,331999.00000000,0.12936100,1617495659999,42920.81510200,39,0.07612000,25272.07931800,0
1617495660000,331999.00000000,332110.00000000,331724.00000000,332110.00000000,0.38484700,1617495719999,127769.37014200,69,0.37241900,123645.47300300,0
1617495720000,332036.00000000,332181.00000000,331800.00000000,331801.00000000,0.02049800,1617495779999,6803.89547200,23,0.00656500,2180.74523200,0
1617495780000,331885.00000000,332251.00000000,331802.00000000,332190.00000000,0.12611800,1617495839999,41861.31888000,23,0.01677500,5572.16734300,0
1617495840000,332020.00000000,332388.00000000,332020.00000000,332289.00000000,0.06388300,1617495899999,21217.28352200,21,0.00924300,3070.34182800,0
1617495900000,332289.00000000,332388.00000000,331850.00000000,332289.00000000,0.09379900,1617495959999,31156.07737900,26,0.05510900,18312.57584900,0
1617495960000,332385.00000000,332385.00000000,331812.00000000,332107.00000000,0.12027900,1617496019999,39935.69268100,35,0.05635000,18718.17892000,0
1617496020000,332000.00000000,332378.00000000,331901.00000000,331901.00000000,0.25114000,1617496079999,83380.55408300,18,0.00761300,2530.13851400,0
1617496080000,331900.00000000,332057.00000000,331584.00000000,331589.00000000,0.02517400,1617496139999,8351.05444200,18,0.00088300,293.19441300,0
1617496140000,332053.00000000,332289.00000000,331519.00000000,331867.00000000,0.00548700,1617496199999,1821.37400400,17,0.00223000,740.69058900,0
1617496200000,332008.00000000,332300.00000000,332008.00000000,332300.00000000,0.03911000,1617496259999,12985.49768400,23,0.00237100,787.85577200,0
1617496260000,332297.00000000,332300.00000000,332152.00000000,332296.00000000,0.01500900,1617496319999,4986.73803400,10,0.01011700,3361.84819400,0
1617496320000,332120.00000000,332120.00000000,331863.00000000,331863.00000000,0.03567800,1617496379999,11842.41573800,17,0.00455200,1511.79626700,0
1617496380000,332023.00000000,332053.00000000,331733.00000000,332000.00000000,0.00712000,1617496439999,2363.58671800,15,0.00601800,1998.01695200,0
1617496440000,332052.00000000,332052.00000000,331733.00000000,331733.00000000,0.00827300,1617496499999,2746.05044200,11,0.00497600,1652.25962200,0
1617496500000,332037.00000000,332037.00000000,331234.00000000,331234.00000000,0.02614000,1617496559999,8668.25858900,34,0.00227700,755.92241700,0
1617496560000,331528.00000000,331528.00000000,331164.00000000,331234.00000000,0.05094400,1617496619999,16876.68117800,16,0.01144500,3794.33796000,0
1617496620000,331305.00000000,331499.00000000,330883.00000000,330885.00000000,0.15379000,1617496679999,50936.35698800,29,0.09536700,31595.47790700,0
1617496680000,331298.00000000,331298.00000000,331097.00000000,331292.00000000,0.00746200,1617496739999,2471.77806400,11,0.00746200,2471.77806400,0
1617496740000,331292.00000000,331300.00000000,331252.00000000,331300.00000000,0.00611700,1617496799999,2026.41756800,20,0.00611700,2026.41756800,0
1617496800000,331292.00000000,331300.00000000,331287.00000000,331299.00000000,0.03165400,1617496859999,10486.83218500,27,0.02805200,9293.53493600,0
1617496860000,331298.00000000,331298.00000000,331000.00000000,331293.00000000,0.03844600,1617496919999,12731.22504700,18,0.01897400,6284.75954000,0
1617496920000,331293.00000000,331500.00000000,331228.00000000,331500.00000000,0.12345800,1617496979999,40902.86693200,12,0.12345800,40902.86693200,0
1617496980000,331500.00000000,331749.00000000,331400.00000000,331400.00000000,0.05516700,1617497039999,18285.73094000,18,0.00930300,3085.47332400,0
1617497040000,331751.00000000,332120.00000000,331749.00000000,332120.00000000,0.03416100,1617497099999,11341.10492800,20,0.03395500,11272.73124000,0
1617497100000,332181.00000000,332296.00000000,331828.00000000,331936.00000000,0.59680100,1617497159999,198096.03490300,27,0.53383800,177198.37033300,0
1617497160000,331992.00000000,332233.00000000,331560.00000000,331945.00000000,0.02928200,1617497219999,9722.81426400,27,0.02305800,7657.83983900,0
1617497220000,331945.00000000,331945.00000000,331447.00000000,331447.00000000,0.04241900,1617497279999,14065.21358300,17,0.00506000,1679.62706200,0
1617497280000,331578.00000000,331934.00000000,331578.00000000,331931.00000000,0.04236000,1617497339999,14060.54348300,15,0.04224000,14020.75412300,0
1617497340000,331929.00000000,331929.00000000,331446.00000000,331446.00000000,0.05272900,1617497399999,17488.07786500,14,0.02241300,7439.48926500,0
1617497400000,331401.00000000,331748.00000000,331293.00000000,331429.00000000,0.04605100,1617497459999,15259.81345700,19,0.01190600,3946.10883300,0
1617497460000,331429.00000000,331429.00000000,330742.00000000,330917.00000000,0.02710900,1617497519999,8975.26893600,33,0.00487000,1613.46624200,0
1617497520000,330917.00000000,331196.00000000,330606.00000000,331194.00000000,0.02196300,1617497579999,7266.73416300,33,0.00638500,2112.89486100,0
1617497580000,331000.00000000,331194.00000000,330935.00000000,330935.00000000,0.00193200,1617497639999,639.63955800,11,0.00132400,438.39155800,0
1617497640000,330611.00000000,330935.00000000,330234.00000000,330234.00000000,0.11733500,1617497699999,38786.50549100,36,0.01553900,5142.39896500,0
1617497700000,330214.00000000,330549.00000000,329482.00000000,329999.00000000,3.99554100,1617497759999,1318497.59321700,208,0.03071100,10123.85328000,0
1617497760000,329999.00000000,330279.00000000,329314.00000000,329828.00000000,0.27685000,1617497819999,91305.83907100,37,0.11730200,38700.61073700,0
1617497820000,329500.00000000,330209.00000000,329500.00000000,330209.00000000,0.22428700,1617497879999,73929.77121700,14,0.01062400,3507.48899700,0
1617497880000,330279.00000000,330490.00000000,330026.00000000,330399.00000000,0.40849500,1617497939999,134963.79012600,26,0.40809600,134832.10975200,0
1617497940000,330400.00000000,330708.00000000,330209.00000000,330209.00000000,0.48460500,1617497999999,160106.62807500,42,0.39377200,130105.98893300,0
1617498000000,329970.00000000,329970.00000000,328590.00000000,329138.00000000,0.57720900,1617498059999,189957.96773900,114,0.25160400,82799.18405700,0
1617498060000,329138.00000000,329138.00000000,328166.00000000,328419.00000000,0.85972400,1617498119999,282280.83766900,45,0.06678900,21941.97135200,0
1617498120000,328168.00000000,329061.00000000,328168.00000000,328860.00000000,0.06212600,1617498179999,20428.47188600,28,0.05690000,18712.51973000,0
1617498180000,328860.00000000,329057.00000000,328492.00000000,328898.00000000,0.25024700,1617498239999,82248.24165500,44,0.12734500,41865.10485100,0
1617498240000,328785.00000000,329577.00000000,328784.00000000,329330.00000000,0.20587000,1617498299999,67755.81111000,28,0.10627200,35001.96958700,0
1617498300000,329458.00000000,329458.00000000,328779.00000000,329205.00000000,0.02436400,1617498359999,8021.86721200,22,0.01661300,5472.08104500,0
1617498360000,329205.00000000,329205.00000000,328500.00000000,328500.00000000,0.16618900,1617498419999,54610.57146600,33,0.01224000,4028.65171200,0
1617498420000,328500.00000000,329202.00000000,328095.00000000,329202.00000000,0.06115900,1617498479999,20079.53192300,23,0.01395600,4586.69371100,0
1617498480000,329201.00000000,329857.00000000,329091.00000000,329857.00000000,0.78881600,1617498539999,259689.19214500,33,0.66544100,219077.89774000,0
1617498540000,329856.00000000,329928.00000000,329202.00000000,329202.00000000,0.12485300,1617498599999,41157.86955800,30,0.01046100,3450.35201500,0
1617498600000,329851.00000000,329852.00000000,329206.00000000,329676.00000000,0.03303600,1617498659999,10888.21770300,10,0.00302800,998.78781700,0
1617498660000,329855.00000000,329857.00000000,329559.00000000,329857.00000000,0.46665800,1617498719999,153926.97197300,19,0.45561100,150286.12902500,0
1617498720000,329857.00000000,329857.00000000,329634.00000000,329857.00000000,0.36305100,1617498779999,119747.48152100,25,0.30765500,101482.15533500,0
1617498780000,329857.00000000,329929.00000000,329662.00000000,329929.00000000,0.18380100,1617498839999,60626.71539000,14,0.17684800,58334.57550400,0
1617498840000,329790.00000000,330000.00000000,329789.00000000,330000.00000000,0.38490400,1617498899999,126991.21364400,38,0.34064200,112390.33447400,0
1617498900000,330000.00000000,330630.00000000,329890.00000000,330630.00000000,0.36182500,1617498959999,119408.93515200,45,0.34477800,113784.17690600,0
1617498960000,330629.00000000,330629.00000000,330279.00000000,330574.00000000,0.36047600,1617499019999,119171.70805300,26,0.08800700,29097.66024600,0
1617499020000,330627.00000000,330982.00000000,330282.00000000,330982.00000000,0.52760400,1617499079999,174462.88647500,34,0.52519100,173665.39297700,0
1617499080000,330982.00000000,331172.00000000,330982.00000000,330982.00000000,0.04119800,1617499139999,13641.81568600,19,0.03201300,10601.66180800,0
1617499140000,330842.00000000,331127.00000000,330554.00000000,330554.00000000,0.29871000,1617499199999,98782.89057900,33,0.06586300,21795.43721500,0
1617499200000,330500.00000000,330937.00000000,330390.00000000,330554.00000000,0.09698900,1617499259999,32055.31794900,18,0.00189600,627.02593300,0
1617499260000,330626.00000000,330626.00000000,330107.00000000,330107.00000000,0.07483400,1617499319999,24721.16577600,38,0.01180100,3901.04216200,0
1617499320000,330404.00000000,330405.00000000,330351.00000000,330351.00000000,0.02100200,1617499379999,6939.04543700,14,0.01952700,6451.77771200,0
1617499380000,330467.00000000,330622.00000000,330144.00000000,330622.00000000,0.03938000,1617499439999,13004.62126300,9,0.00717700,2372.55531400,0
1617499440000,330473.00000000,330473.00000000,330000.00000000,330197.00000000,0.11556000,1617499499999,38141.20493600,22,0.00776300,2565.29519500,0
1617499500000,330197.00000000,330197.00000000,329662.00000000,329959.00000000,0.00905800,1617499559999,2988.22378500,28,0.00191200,630.99809300,0
1617499560000,329959.00000000,330420.00000000,329711.00000000,330420.00000000,0.00445700,1617499619999,1470.77049400,15,0.00353300,1165.91504400,0
1617499620000,330419.00000000,330770.00000000,330300.00000000,330770.00000000,0.02613300,1617499679999,8636.59993500,29,0.02441200,8068.12653200,0
1617499680000,330438.00000000,331000.00000000,330438.00000000,331000.00000000,0.03857000,1617499739999,12764.26859300,24,0.03800000,12575.88963100,0
1617499740000,330998.00000000,331052.00000000,330727.00000000,330994.00000000,0.20753700,1617499799999,68694.07114800,19,0.20568300,68080.82399100,0
1617499800000,330994.00000000,331122.00000000,330570.00000000,330572.00000000,0.11161300,1617499859999,36929.50982100,12,0.00010100,33.44332200,0
1617499860000,330992.00000000,330999.00000000,330438.00000000,330438.00000000,0.01920100,1617499919999,6347.42737200,19,0.00345400,1141.98189600,0
1617499920000,330320.00000000,330362.00000000,329996.00000000,330360.00000000,0.03011800,1617499979999,9946.22876500,14,0.01714500,5664.02370800,0
1617499980000,330360.00000000,330615.00000000,330139.00000000,330615.00000000,0.06662200,1617500039999,21996.21169100,23,0.00328100,1084.67938400,0
1617500040000,330717.00000000,330771.00000000,330275.00000000,330717.00000000,0.01808500,1617500099999,5979.44022400,21,0.01063500,3517.18219500,0
1617500100000,330717.00000000,330717.00000000,330420.00000000,330710.00000000,0.03172300,1617500159999,10482.33458700,12,0.00087100,288.05079900,0
1617500160000,330273.00000000,330708.00000000,329967.00000000,330708.00000000,0.06014400,1617500219999,19859.10805200,27,0.01933200,6392.04259100,0
1617500220000,330708.00000000,330911.00000000,330708.00000000,330911.00000000,0.09686000,1617500279999,32032.68869300,20,0.09686000,32032.68869300,0
1617500280000,330911.00000000,331129.00000000,330888.00000000,331123.00000000,0.60049100,1617500339999,198777.62768900,29,0.12420300,41126.29927300,0
1617500340000,331123.00000000,331123.00000000,330629.00000000,331110.00000000,0.01099400,1617500399999,3639.23342900,22,0.00875000,2897.27547300,0
1617500400000,331110.00000000,331110.00000000,330433.00000000,330894.00000000,0.05168300,1617500459999,17093.96440300,24,0.02259900,7477.96717700,0
1617500460000,330890.00000000,330890.00000000,330889.00000000,330889.00000000,0.00212100,1617500519999,701.81753900,5,0.00212100,701.81753900,0
1617500520000,330889.00000000,331099.00000000,330889.00000000,330890.00000000,0.00858000,1617500579999,2839.88861000,15,0.00532700,1763.50344000,0
1617500580000,331097.00000000,331097.00000000,330434.00000000,330434.00000000,0.00986100,1617500639999,3262.13609700,12,0.00785200,2598.05330700,0
1617500640000,330434.00000000,330434.00000000,330250.00000000,330431.00000000,0.00241200,1617500699999,796.88589800,12,0.00124700,412.04757400,0
1617500700000,330431.00000000,330942.00000000,330431.00000000,330940.00000000,0.11994100,1617500759999,39685.23410600,18,0.11994100,39685.23410600,0
1617500760000,330940.00000000,330940.00000000,330527.00000000,330939.00000000,0.00883800,1617500819999,2924.79853500,13,0.00765100,2532.02107600,0
1617500820000,330981.00000000,330981.00000000,330559.00000000,330980.00000000,0.01352400,1617500879999,4473.82076100,19,0.00854700,2828.62461600,0
1617500880000,330981.00000000,331100.00000000,330691.00000000,330852.00000000,0.08606500,1617500939999,28493.66291800,19,0.08026300,26574.53835700,0
1617500940000,331098.00000000,331098.00000000,330852.00000000,331097.00000000,0.01340900,1617500999999,4437.79524600,10,0.00569900,1886.92632600,0
1617501000000,331095.00000000,331619.00000000,330736.00000000,331619.00000000,0.34598200,1617501059999,114588.50194000,26,0.26276900,87011.35304900,0
1617501060000,331404.00000000,331700.00000000,331404.00000000,331700.00000000,0.03259000,1617501119999,10800.84640800,7,0.00120400,399.35195400,0
1617501120000,331700.00000000,331757.00000000,331679.00000000,331699.00000000,0.00160800,1617501179999,533.37985300,7,0.00155600,516.13254500,0
1617501180000,331698.00000000,331700.00000000,331371.00000000,331700.00000000,0.69750400,1617501239999,231307.51770500,34,0.42205400,139993.92748300,0
1617501240000,331700.00000000,331700.00000000,331495.00000000,331700.00000000,0.05211900,1617501299999,17287.76276700,30,0.05139900,17049.04830000,0
1617501300000,331700.00000000,331700.00000000,331488.00000000,331488.00000000,0.02301200,1617501359999,7630.71582700,16,0.01046300,3470.57710000,0
1617501360000,331600.00000000,331600.00000000,330801.00000000,331163.00000000,0.20487800,1617501419999,67865.60272900,42,0.07245900,23996.42981800,0
1617501420000,331416.00000000,331416.00000000,330800.00000000,331138.00000000,0.08242200,1617501479999,27283.55718900,22,0.00185100,613.13300900,0
1617501480000,331138.00000000,331373.00000000,330744.00000000,330745.00000000,0.01299700,1617501539999,4303.56856800,18,0.01211400,4011.43808300,0
1617501540000,331136.00000000,331136.00000000,330745.00000000,331113.00000000,0.09877100,1617501599999,32671.70971700,22,0.01877100,6212.10971700,0
1617501600000,331113.00000000,331117.00000000,330747.00000000,331117.00000000,0.02093600,1617501659999,6929.56346200,13,0.01373300,4547.19282100,0
1617501660000,331119.00000000,331543.00000000,330949.00000000,331536.00000000,0.05317200,1617501719999,17601.33701200,16,0.00837200,2774.82181200,0
1617501720000,331534.00000000,331535.00000000,331092.00000000,331533.00000000,0.08161200,1617501779999,27030.28743800,17,0.02081200,6899.89383800,0
1617501780000,331532.00000000,331532.00000000,331239.00000000,331239.00000000,0.01119000,1617501839999,3709.70947200,15,0.01073400,3558.66448800,0
1617501840000,331239.00000000,331700.00000000,331239.00000000,331589.00000000,0.18849600,1617501899999,62491.45830500,23,0.05240400,17375.53783200,0
1617501900000,331589.00000000,331700.00000000,331589.00000000,331589.00000000,0.09740900,1617501959999,32309.29896500,15,0.08600600,28528.18959800,0
1617501960000,331352.00000000,331700.00000000,331352.00000000,331699.00000000,0.01938000,1617502019999,6428.17297700,18,0.01904400,6316.82142500,0
1617502020000,331448.00000000,331700.00000000,331448.00000000,331700.00000000,0.20444800,1617502079999,67813.37009900,38,0.19854700,65857.49545100,0
1617502080000,331699.00000000,331700.00000000,331526.00000000,331695.00000000,0.12074000,1617502139999,40049.28710100,20,0.12052900,39979.33511500,0
1617502140000,331528.00000000,331606.00000000,331115.00000000,331387.00000000,0.01101600,1617502199999,3650.56828200,18,0.00396500,1314.15860000,0
1617502200000,331387.00000000,331605.00000000,331387.00000000,331605.00000000,0.00491100,1617502259999,1627.84358400,11,0.00180600,598.87863000,0
1617502260000,331244.00000000,331602.00000000,331114.00000000,331600.00000000,0.18813900,1617502319999,62317.14515500,18,0.00256700,850.61880400,0
1617502320000,331600.00000000,331600.00000000,331500.00000000,331598.00000000,0.00493800,1617502379999,1637.34317400,7,0.00403400,1337.66717400,0
1617502380000,331500.00000000,331597.00000000,331137.00000000,331597.00000000,0.00892800,1617502439999,2959.27823500,7,0.00059100,195.97382700,0
1617502440000,331700.00000000,331754.00000000,331600.00000000,331718.00000000,0.06500400,1617502499999,21562.56022200,22,0.06500400,21562.56022200,0
1617502500000,331715.00000000,331719.00000000,331534.00000000,331715.00000000,0.03466200,1617502559999,11497.83489200,12,0.00837400,2777.81327300,0
1617502560000,331715.00000000,331744.00000000,331512.00000000,331708.00000000,0.16197000,1617502619999,53728.58007300,19,0.16078800,53336.73288900,0
1617502620000,331578.00000000,332250.00000000,331578.00000000,332250.00000000,0.01742800,1617502679999,5786.01267000,36,0.01604200,5325.99633600,0
1617502680000,332250.00000000,332957.00000000,332250.00000000,332956.00000000,0.04818600,1617502739999,16033.81270500,50,0.04199800,13975.87121300,0
1617502740000,332956.00000000,332956.00000000,332507.00000000,332808.00000000,0.02632700,1617502799999,8757.94005700,25,0.00295900,984.81072300,0
1617502800000,332808.00000000,333026.00000000,332508.00000000,333026.00000000,0.03672100,1617502859999,12215.30948000,18,0.00617200,2054.79981800,0
1617502860000,333026.00000000,333090.00000000,332878.00000000,332878.00000000,0.01092600,1617502919999,3638.99277300,20,0.00967400,3222.20740700,0
1617502920000,333084.00000000,333099.00000000,332892.00000000,333099.00000000,0.06427300,1617502979999,21403.36888500,20,0.03853300,12834.71980500,0
1617502980000,333100.00000000,333239.00000000,332900.00000000,332962.00000000,0.15295600,1617503039999,50953.59508500,21,0.05922800,19732.39958100,0
1617503040000,333232.00000000,333237.00000000,333232.00000000,333235.00000000,0.01037000,1617503099999,3455.65664600,11,0.01037000,3455.65664600,0
1617503100000,333235.00000000,333319.00000000,333235.00000000,333319.00000000,0.01030500,1617503159999,3434.69689800,17,0.01030500,3434.69689800,0
1617503160000,333345.00000000,333454.00000000,333345.00000000,333452.00000000,0.00326500,1617503219999,1088.64447000,13,0.00326500,1088.64447000,0
1617503220000,333109.00000000,333403.00000000,333090.00000000,333167.00000000,0.18551400,1617503279999,61797.42983900,25,0.00785400,2618.30983500,0
1617503280000,333397.00000000,333397.00000000,333000.00000000,333000.00000000,0.03816100,1617503339999,12708.10458400,15,0.00318300,1060.32265900,0
1617503340000,333000.00000000,333000.00000000,333000.00000000,333000.00000000,0.00066300,1617503399999,220.77900000,5,0.00066300,220.77900000,0
1617503400000,333000.00000000,333034.00000000,332807.00000000,332999.00000000,0.04196300,1617503459999,13972.31983500,15,0.03133300,10434.30936700,0
1617503460000,332806.00000000,333069.00000000,332771.00000000,333000.00000000,0.04631800,1617503519999,15424.54892600,11,0.03834400,12771.02411400,0
1617503520000,333000.00000000,333000.00000000,332776.00000000,333000.00000000,0.00836900,1617503579999,2786.79455900,18,0.00790800,2633.36299900,0
1617503580000,332776.00000000,332776.00000000,332575.00000000,332575.00000000,0.02331800,1617503639999,7758.66260600,10,0.01051500,3498.76110000,0
1617503640000,332967.00000000,332967.00000000,332575.00000000,332575.00000000,0.03771100,1617503699999,12541.82951300,12,0.00867100,2883.85151300,0
1617503700000,332575.00000000,332944.00000000,332506.00000000,332941.00000000,0.03730600,1617503759999,12411.87381500,28,0.01702100,5664.61354100,0
1617503760000,332941.00000000,332998.00000000,332624.00000000,332937.00000000,0.01604800,1617503819999,5342.94264100,13,0.00438600,1460.32305600,0
1617503820000,332996.00000000,332996.00000000,332995.00000000,332995.00000000,0.01737900,1617503879999,5787.13688400,10,0.01737900,5787.13688400,0
1617503880000,332996.00000000,332996.00000000,332978.00000000,332978.00000000,0.01931100,1617503939999,6430.33119200,10,0.01931100,6430.33119200,0
1617503940000,332974.00000000,332994.00000000,332974.00000000,332994.00000000,0.00343700,1617503999999,1144.45217700,4,0.00343700,1144.45217700,0
1617504000000,332994.00000000,332994.00000000,332500.00000000,332921.00000000,0.04261900,1617504059999,14180.92517600,24,0.00407000,1354.97742700,0
1617504060000,332921.00000000,332921.00000000,332516.00000000,332518.00000000,0.02549700,1617504119999,8480.26994000,20,0.00519300,1728.85416000,0
1617504120000,332919.00000000,332919.00000000,332899.00000000,332899.00000000,0.02497000,1617504179999,8312.54113200,9,0.02497000,8312.54113200,0
1617504180000,332583.00000000,332700.00000000,332516.00000000,332683.00000000,0.06461000,1617504239999,21488.19289600,16,0.00077800,258.83434900,0
1617504240000,332683.00000000,332919.00000000,332683.00000000,332919.00000000,0.00177200,1617504299999,589.71311300,10,0.00177200,589.71311300,0
1617504300000,332915.00000000,332915.00000000,332223.00000000,332692.00000000,0.01064100,1617504359999,3539.86241600,23,0.00566200,1884.48756600,0
1617504360000,332518.00000000,332518.00000000,332222.00000000,332222.00000000,0.01357000,1617504419999,4512.15961800,5,0.01323000,4399.20413800,0
1617504420000,332222.00000000,332470.00000000,332222.00000000,332468.00000000,0.00368400,1617504479999,1224.74042800,15,0.00368400,1224.74042800,0
1617504480000,332470.00000000,332702.00000000,332468.00000000,332700.00000000,0.00189800,1617504539999,631.20019200,10,0.00104400,347.27195200,0
1617504540000,332468.00000000,332683.00000000,331871.00000000,332243.00000000,0.10338700,1617504599999,34327.20212200,27,0.07225500,23990.26591800,0
1617504600000,332480.00000000,332672.00000000,331876.00000000,332672.00000000,0.03445500,1617504659999,11459.30999100,12,0.02771600,9219.05533300,0
1617504660000,332244.00000000,332671.00000000,332244.00000000,332671.00000000,0.02392000,1617504719999,7957.43723200,14,0.02392000,7957.43723200,0
1617504720000,332073.00000000,332667.00000000,332073.00000000,332650.00000000,0.00926900,1617504779999,3080.53386300,18,0.00414300,1378.10220900,0
1617504780000,332650.00000000,332650.00000000,332213.00000000,332213.00000000,0.12475200,1617504839999,41467.49320800,3,0.09108200,30281.88149800,0
1617504840000,332644.00000000,332644.00000000,332389.00000000,332644.00000000,0.00544200,1617504899999,1809.97164400,10,0.00435000,1447.00140000,0
1617504900000,332519.00000000,332519.00000000,332205.00000000,332494.00000000,0.00805700,1617504959999,2679.05044400,14,0.00099100,329.51075400,0
1617504960000,332477.00000000,332477.00000000,332101.00000000,332436.00000000,0.03332900,1617505019999,11074.04780900,15,0.00762100,2533.69270900,0
1617505020000,332107.00000000,332407.00000000,332106.00000000,332379.00000000,0.02264400,1617505079999,7521.27652000,24,0.00381500,1268.04963500,0
1617505080000,332107.00000000,332371.00000000,331875.00000000,332371.00000000,0.33718800,1617505139999,111948.70791900,14,0.00008000,26.58968000,0
1617505140000,332369.00000000,332369.00000000,331885.00000000,332315.00000000,0.00513100,1617505199999,1705.03613100,16,0.00466900,1551.70526100,0
1617505200000,332313.00000000,332313.00000000,331486.00000000,331870.00000000,0.60180000,1617505259999,199555.57577200,47,0.01828900,6069.67651000,0
1617505260000,331870.00000000,331870.00000000,331870.00000000,331870.00000000,0.01556100,1617505319999,5164.22907000,13,0.01556100,5164.22907000,0
1617505320000,332090.00000000,332518.00000000,332000.00000000,332517.00000000,0.29728000,1617505379999,98798.84195700,27,0.29728000,98798.84195700,0
1617505380000,332517.00000000,332532.00000000,332249.00000000,332532.00000000,0.00167100,1617505439999,555.61385700,9,0.00149100,495.76079700,0
1617505440000,332532.00000000,332533.00000000,332434.00000000,332434.00000000,0.00520900,1617505499999,1732.07053900,6,0.00517800,1721.76254300,0
1617505500000,332322.00000000,332429.00000000,331875.00000000,332429.00000000,0.18516900,1617505559999,61506.77692300,18,0.05151100,17101.34678900,0
1617505560000,332235.00000000,332235.00000000,331870.00000000,331870.00000000,0.12391500,1617505619999,41135.40499500,11,0.03035700,10085.65789500,0
1617505620000,331877.00000000,332210.00000000,331877.00000000,332210.00000000,0.00106900,1617505679999,355.06271100,8,0.00070300,233.52860600,0
1617505680000,332210.00000000,332210.00000000,331700.00000000,331730.00000000,0.05179600,1617505739999,17183.29411000,20,0.00367800,1220.92882800,0
1617505740000,331927.00000000,332221.00000000,331927.00000000,332221.00000000,0.04674100,1617505799999,15515.11038100,12,0.04674100,15515.11038100,0
1617505800000,332431.00000000,332431.00000000,332227.00000000,332227.00000000,0.00380200,1617505859999,1263.87573400,3,0.00380200,1263.87573400,0
1617505860000,331905.00000000,331905.00000000,331905.00000000,331905.00000000,0.00040300,1617505919999,133.75771500,4,0.00040300,133.75771500,0
1617505920000,331905.00000000,332009.00000000,331731.00000000,332009.00000000,0.07796600,1617505979999,25879.87699000,13,0.07751400,25729.93294600,0
1617505980000,331730.00000000,332009.00000000,331657.00000000,332008.00000000,0.01841000,1617506039999,6111.08523400,17,0.01570800,5214.77481300,0
1617506040000,331827.00000000,332009.00000000,331827.00000000,332008.00000000,0.02052400,1617506099999,6810.55019000,13,0.02052400,6810.55019000,0
1617506100000,332008.00000000,332227.00000000,331746.00000000,331748.00000000,0.00407300,1617506159999,1352.60582200,15,0.00347000,1152.48372200,0
1617506160000,332028.00000000,332028.00000000,331703.00000000,332025.00000000,0.01099500,1617506219999,3648.98182600,15,0.00527000,1749.77871100,0
1617506220000,331748.00000000,332024.00000000,331700.00000000,331706.00000000,0.07601400,1617506279999,25215.06762500,10,0.00294700,978.43664000,0
1617506280000,331705.00000000,331705.00000000,331375.00000000,331375.00000000,0.00350500,1617506339999,1162.02302100,12,0.00000000,0.00000000,0
1617506340000,331614.00000000,331614.00000000,331224.00000000,331613.00000000,0.04070700,1617506399999,13487.01190000,24,0.00507800,1682.96546700,0
1617506400000,331395.00000000,331747.00000000,331395.00000000,331747.00000000,0.00068200,1617506459999,226.18105400,5,0.00068200,226.18105400,0
1617506460000,331745.00000000,331745.00000000,331412.00000000,331744.00000000,0.03081100,1617506519999,10221.25778100,9,0.03048900,10114.54311700,0
1617506520000,331412.00000000,331555.00000000,331412.00000000,331555.00000000,0.00118400,1617506579999,392.45463000,7,0.00032000,106.09760000,0
1617506580000,331225.00000000,331741.00000000,331201.00000000,331740.00000000,0.02463500,1617506639999,8160.01875000,8,0.00164500,545.68740400,0
1617506640000,331215.00000000,331215.00000000,331181.00000000,331181.00000000,0.08996100,1617506699999,29794.37463400,7,0.00000000,0.00000000,0
1617506700000,331216.00000000,331733.00000000,331182.00000000,331732.00000000,0.40068100,1617506759999,132778.82325600,19,0.04637000,15382.42909400,0
1617506760000,331728.00000000,331728.00000000,331242.00000000,331728.00000000,0.03425900,1617506819999,11353.55209600,9,0.01132000,3755.16096000,0
